condition,fruit,filename,path,label,width,height,mode,resolution,file_hash,is_duplicate,blur_score,tenengrad_score,brightness_score,contrast_score,entropy_score,blur_outlier,brightness_outlier,contrast_outlier,resolution_outlier,is_quality_outlier,low_quality_candidate
unripe,apple,216.jpg,data/unripe/apple/216.jpg,apple_unripe,162,108,RGB,17496,3109afaed97d376dd614ec35fab427ca,False,210.01442554859958,49.36154198518579,44.397341358418366,57.62993153212301,5.365608,False,True,False,False,True,True
unripe,apple,aug_0_4194.jpg,data/unripe/apple/aug_0_4194.jpg,apple_unripe,162,108,RGB,17496,75de94c541355779035026ffd3686f17,False,51.758306246705466,27.202872765076492,43.46787308673469,59.57744491826579,4.662315,False,True,False,False,True,True
unripe,apple,aug_0_2797.jpg,data/unripe/apple/aug_0_2797.jpg,apple_unripe,162,108,RGB,17496,2a03a0b54bd12dd433741d5200a6edfd,False,120.97911985612622,39.760822725669954,37.12266820790816,55.021714531784134,4.933505,False,True,False,False,True,True
unripe,apple,aug_0_7161.jpg,data/unripe/apple/aug_0_7161.jpg,apple_unripe,162,108,RGB,17496,1b1e6ae3e8971e9749dfefe3f4fe98af,False,50.142719373659304,39.26581472114794,50.06327726403061,33.65679451371018,6.350013,False,True,False,False,True,True
unripe,apple,aug_0_2800.jpg,data/unripe/apple/aug_0_2800.jpg,apple_unripe,162,107,RGB,17334,b35c309a847d92ce7a4189e1ac062139,False,26.239214517433716,19.09309294880805,49.72241709183673,38.28169429803996,6.7165456,False,True,False,False,True,True
unripe,apple,aug_0_3713.jpg,data/unripe/apple/aug_0_3713.jpg,apple_unripe,162,108,RGB,17496,5337bcec1c0d181fec44bf99790b5400,False,44.74976080211685,31.239792614137922,35.91346460459184,53.80541909390019,4.77629,False,True,False,False,True,True
unripe,apple,aug_0_1648.jpg,data/unripe/apple/aug_0_1648.jpg,apple_unripe,162,108,RGB,17496,9631f7b4ad34f48c6c1d11c13e20e82a,False,44.9977670166702,40.166189478728114,52.04801100127551,37.43721661353862,6.497448,False,True,False,False,True,True
unripe,apple,aug_0_1254.jpg,data/unripe/apple/aug_0_1254.jpg,apple_unripe,162,107,RGB,17334,184b35b312d905654d044f4b1fde3cc0,False,27.38133728459496,19.822388074824637,52.13066007653061,38.41178244942364,6.868969,False,True,False,False,True,True
unripe,apple,aug_0_7351.jpg,data/unripe/apple/aug_0_7351.jpg,apple_unripe,162,107,RGB,17334,a8f29e5c6caaf1b86d2734591c64aac9,False,23.101636499725053,17.509361219200525,52.20342394770408,37.759206902562326,6.489612,False,True,False,False,True,True
unripe,apple,aug_0_2573.jpg,data/unripe/apple/aug_0_2573.jpg,apple_unripe,162,108,RGB,17496,8cf54b1f933d907dce28a4980fb307ff,False,127.39560612555795,39.91724236460509,44.99946189413265,57.29813531952301,5.4413877,False,True,False,False,True,True
unripe,apple,aug_0_6614.jpg,data/unripe/apple/aug_0_6614.jpg,apple_unripe,162,108,RGB,17496,73482265a4a94bab6fbf903167f771d5,False,105.46286580126666,44.042741482275204,47.248804209183675,57.56685089175057,5.6619473,False,True,False,False,True,True
unripe,apple,aug_0_6589.jpg,data/unripe/apple/aug_0_6589.jpg,apple_unripe,162,108,RGB,17496,2c708abd7c38fd0fdb732778a094e042,False,98.93084534045708,46.229782061609534,48.844806281887756,57.22867239772413,5.712793,False,True,False,False,True,True
unripe,apple,aug_0_8412.jpg,data/unripe/apple/aug_0_8412.jpg,apple_unripe,162,108,RGB,17496,3d8cf65e3250383c575e65480c972cca,False,55.74834575557748,39.216139890556946,51.43779894770408,31.16484631275214,6.2921,False,True,False,False,True,True
unripe,apple,aug_0_4160.jpg,data/unripe/apple/aug_0_4160.jpg,apple_unripe,162,108,RGB,17496,1abe007e214e62efe6b168abe213fcee,False,124.7813233896277,34.154144447667285,27.842175542091837,49.70780277432251,4.4824004,False,True,False,False,True,True
unripe,apple,aug_0_1743.jpg,data/unripe/apple/aug_0_1743.jpg,apple_unripe,162,108,RGB,17496,9e1da72920cc587247ae71d856f5896f,False,142.40711978116366,47.24448752654126,47.71406648596939,57.57506065868111,5.66381,False,True,False,False,True,True
unripe,apple,aug_0_4820.jpg,data/unripe/apple/aug_0_4820.jpg,apple_unripe,162,108,RGB,17496,eff04c5db7bf88e86fa11f0c25c18ea3,False,57.353654647360045,38.858519475720236,50.91617506377551,30.57305094952432,6.2832613,False,True,False,False,True,True
unripe,banana,aug_0_4591.jpg,data/unripe/banana/aug_0_4591.jpg,banana_unripe,140,140,RGB,19600,2716eee029a13bb31eeb63f65ee3c756,False,289.50075580735154,72.83084646974936,51.25540098852041,66.80717999731377,6.100582,False,True,False,False,True,True
unripe,banana,371.jpg,data/unripe/banana/371.jpg,banana_unripe,140,140,RGB,19600,b313b9341e0e73f07e9b5444503e9da6,False,629.726100220575,87.62897925253759,49.79414461096939,67.8141556037444,5.793918,False,True,False,False,True,True
unripe,banana,aug_0_7918.jpg,data/unripe/banana/aug_0_7918.jpg,banana_unripe,140,140,RGB,19600,4b1cce8a446ad67f6a42d2ef44336925,False,291.9698349973749,61.725516890861606,30.945192920918366,53.567915673611985,4.8367195,False,True,False,False,True,True
unripe,banana,67.jpg,data/unripe/banana/67.jpg,banana_unripe,162,93,RGB,15066,69eedaf4ffd34ee49dd2f28019b8c5a8,False,62.38841553242789,38.51005407803754,46.38837292729592,37.10320491852047,6.79761,False,True,False,False,True,True
unripe,banana,129.jpg,data/unripe/banana/129.jpg,banana_unripe,162,93,RGB,15066,4016ed3671a283e2673e0fca79ab77af,False,146.80379027517972,46.63890055043552,46.87155213647959,49.01865834010514,6.8657117,False,True,False,False,True,True
unripe,banana,aug_0_558.jpg,data/unripe/banana/aug_0_558.jpg,banana_unripe,162,93,RGB,15066,d6fa90c9446113ff3d18b5c06deae89e,False,71.16762464873645,41.77844169705773,49.556660554846935,48.73439762793889,6.9118586,False,True,False,False,True,True
unripe,banana,aug_0_997.jpg,data/unripe/banana/aug_0_997.jpg,banana_unripe,162,91,RGB,14742,699557e1c350a0f933a94dc7cc83109c,False,43.69427004063045,34.51826586848472,41.03826530612245,43.29198402834796,6.691028,False,True,False,False,True,True
unripe,banana,aug_0_7001.jpg,data/unripe/banana/aug_0_7001.jpg,banana_unripe,140,140,RGB,19600,b8e24ec029460e31bbba7b440a07ee99,False,277.3526959321937,62.47725921770552,44.587611607142854,66.48701718852494,5.201111,False,True,False,False,True,True
unripe,banana,aug_0_3063.jpg,data/unripe/banana/aug_0_3063.jpg,banana_unripe,162,91,RGB,14742,bd42249e498b19f812e555fce12dd11c,False,40.560594875283265,24.829987843352363,44.41743064413265,57.47349064409415,5.0548773,False,True,False,False,True,True
unripe,banana,aug_0_4888.jpg,data/unripe/banana/aug_0_4888.jpg,banana_unripe,140,140,RGB,19600,ca0a8366c5b28e507ccb8eb4f40cf081,False,305.5467432189713,72.76654160117528,46.211057079081634,64.70723795930896,5.7197294,False,True,False,False,True,True
unripe,banana,aug_0_8490.jpg,data/unripe/banana/aug_0_8490.jpg,banana_unripe,162,93,RGB,15066,e1ee00f42d908c236de4ad66638880a1,False,54.88518411961261,41.013358659780145,51.9094387755102,43.33367061678254,6.8089023,False,True,False,False,True,True
unripe,banana,aug_0_7181.jpg,data/unripe/banana/aug_0_7181.jpg,banana_unripe,140,140,RGB,19600,0619eae51b80f21b11fefa7e27dcdeda,False,339.61165951550475,75.76573204279346,50.14795918367347,65.6815326153586,6.1210146,False,True,False,False,True,True
unripe,banana,aug_0_3469.jpg,data/unripe/banana/aug_0_3469.jpg,banana_unripe,140,140,RGB,19600,1c56ece6267ebf5f9284e93a9b01e74b,False,281.9718791222086,68.94238017349234,46.453005420918366,62.6463692949042,5.992135,False,True,False,False,True,True
unripe,banana,aug_0_7960.jpg,data/unripe/banana/aug_0_7960.jpg,banana_unripe,162,93,RGB,15066,5129d1f5cec7b8fca586635769ac332b,False,94.3055842283218,41.72498136184929,42.429966517857146,51.044562017029385,6.540347,False,True,False,False,True,True
unripe,banana,aug_0_1535.jpg,data/unripe/banana/aug_0_1535.jpg,banana_unripe,162,91,RGB,14742,394b6b9b48be0296886522783ba3b114,False,75.69237526095644,44.07551340661911,44.4152981505102,43.236256594091984,6.8433743,False,True,False,False,True,True
unripe,banana,aug_0_9737.jpg,data/unripe/banana/aug_0_9737.jpg,banana_unripe,162,93,RGB,15066,6aef8624f47250805a5aa36a5fd4630b,False,62.59761389272008,35.39317258895026,38.756915656887756,49.3623894263736,6.4265723,False,True,False,False,True,True
unripe,banana,aug_0_2064.jpg,data/unripe/banana/aug_0_2064.jpg,banana_unripe,140,140,RGB,19600,c86807d9a6884ae4392e9f1d8b6077c2,False,253.3449512209211,65.99819448130735,42.83256935586735,65.21862859343358,5.3909407,False,True,False,False,True,True
unripe,banana,aug_0_9939.jpg,data/unripe/banana/aug_0_9939.jpg,banana_unripe,162,93,RGB,15066,f5602bd6383474742fc2f20e61efc14e,False,78.81106380540498,37.61881924013211,39.469029017857146,46.20610978318467,6.5382333,False,True,False,False,True,True
unripe,banana,aug_0_2933.jpg,data/unripe/banana/aug_0_2933.jpg,banana_unripe,162,93,RGB,15066,e7e8d7b3dc9fc99f417694d3149f44ad,False,43.51268447691677,37.45795160975923,48.8639987244898,39.51943966497592,6.740859,False,True,False,False,True,True
unripe,banana,aug_0_3787.jpg,data/unripe/banana/aug_0_3787.jpg,banana_unripe,140,140,RGB,19600,cb0bb4849c9a460a455188cb4e9e5cf3,False,268.2290543393759,72.8807224605589,47.26181839923469,65.95308348647958,5.8976846,False,True,False,False,True,True
unripe,banana,aug_0_4558.jpg,data/unripe/banana/aug_0_4558.jpg,banana_unripe,140,140,RGB,19600,49378811bd85c89da0b28f92acc28208,False,204.36755475278997,59.379517141624575,35.1306002869898,55.75948207868919,5.2891226,False,True,False,False,True,True
unripe,orange,aug_0_1956.jpg,data/unripe/orange/aug_0_1956.jpg,orange_unripe,162,108,RGB,17496,7baf8993db247bba1564a37190228d95,False,191.2801328191952,48.54787160834566,45.082928093112244,33.4656215001198,6.754676,False,True,False,False,True,True
unripe,orange,aug_0_529.jpg,data/unripe/orange/aug_0_529.jpg,orange_unripe,93,140,RGB,13020,9205e3b2bff52c2da4077a236bcc142c,False,23.51257395039296,23.586648177217985,48.925502232142854,33.57568526138163,6.0218925,False,True,False,False,True,True
unripe,orange,aug_0_2524.jpg,data/unripe/orange/aug_0_2524.jpg,orange_unripe,93,140,RGB,13020,06fc20a18a13b8ad17ee78537e38d006,False,141.4395124279723,68.70573600205604,44.349728954081634,35.79657956208807,6.826283,False,True,False,False,True,True
unripe,orange,67.jpg,data/unripe/orange/67.jpg,orange_unripe,93,140,RGB,13020,c1261b05d863f2c3b1c6554a65d0f15b,False,45.733557494567464,25.150156280475642,44.98491310586735,30.680881303889063,6.019205,False,True,False,False,True,True
unripe,orange,aug_0_9804.jpg,data/unripe/orange/aug_0_9804.jpg,orange_unripe,162,108,RGB,17496,bace7a964830751244cfed283cf0b7a1,False,206.29721380382315,63.96865546962738,47.01775749362245,48.135455392979644,6.8422885,False,True,False,False,True,True
unripe,orange,aug_0_8273.jpg,data/unripe/orange/aug_0_8273.jpg,orange_unripe,162,108,RGB,17496,60869803577f8aad828863bf8e044df1,False,131.55869268109927,65.50049782879907,52.63297193877551,43.1699057301109,7.056868,False,True,False,False,True,True
unripe,orange,aug_0_9178.jpg,data/unripe/orange/aug_0_9178.jpg,orange_unripe,93,140,RGB,13020,8084149437413933f66d7aaf79c03b81,False,205.98387663903608,73.7986900407414,48.2922512755102,34.936564012625645,6.9036484,False,True,False,False,True,True
unripe,orange,aug_0_7929.jpg,data/unripe/orange/aug_0_7929.jpg,orange_unripe,162,108,RGB,17496,d64902790f1a3fb4d23d986b18178e3f,False,147.91126304246743,62.061723227656245,51.28206712372449,47.376361079405775,6.873768,False,True,False,False,True,True
unripe,orange,209.jpg,data/unripe/orange/209.jpg,orange_unripe,162,108,RGB,17496,69d4f7102e1a56ded2d3fe0ed48a40bd,False,365.60151942299586,76.67787287435377,50.89979272959184,50.729488367928916,6.949188,False,True,False,False,True,True
unripe,orange,235.jpg,data/unripe/orange/235.jpg,orange_unripe,162,108,RGB,17496,7836f9e42d402e59f3ea5e0f1a751434,False,435.7856461450687,64.08774289881592,49.086635044642854,35.09746258253665,6.9398828,False,True,False,False,True,True
unripe,orange,aug_0_3637.jpg,data/unripe/orange/aug_0_3637.jpg,orange_unripe,93,140,RGB,13020,5400327d0d01666d4ecfe1f1c01b1f7d,False,179.77712558577926,68.11972557299237,41.6018215880102,34.90548399847489,6.733206,False,True,False,False,True,True
unripe,orange,aug_0_4574.jpg,data/unripe/orange/aug_0_4574.jpg,orange_unripe,162,108,RGB,17496,30fa6db371f4f1437c2f60ed2da76a1e,False,177.7204511798158,52.010832105218896,52.69242267219388,36.53037632482854,7.0235453,False,True,False,False,True,True
unripe,orange,aug_0_2106.jpg,data/unripe/orange/aug_0_2106.jpg,orange_unripe,162,108,RGB,17496,abafd246f46259ad317beaefb4908faf,False,177.84639087908965,62.75124450805237,48.35951450892857,48.578651256448815,6.8909445,False,True,False,False,True,True
unripe,orange,151.jpg,data/unripe/orange/151.jpg,orange_unripe,93,140,RGB,13020,b95157395ce17bd64595e7020a2013e0,False,406.37741026586417,93.0130933143104,46.67895009566327,37.78926835433731,6.8988757,False,True,False,False,True,True
unripe,orange,aug_0_1595.jpg,data/unripe/orange/aug_0_1595.jpg,orange_unripe,162,108,RGB,17496,e053bcacf28d2435a1c61a1adf5353ab,False,200.30901904981963,52.880713678601246,52.867466517857146,37.56523679616743,7.0388465,False,True,False,False,True,True
rotten,apple,translation_Screen Shot 2018-06-07 at 2.59.52 PM.png,data/rotten/apple/translation_Screen Shot 2018-06-07 at 2.59.52 PM.png,apple_rotten,514,448,RGB,230272,94a3fcfec0ad19884730ef2cc1013bd2,False,2293.846677952138,86.00719350676147,124.56750239158163,86.78127851977418,5.919549,True,False,False,False,True,True
rotten,banana,rotated_by_15_Screen Shot 2018-06-12 at 9.10.37 PM.png,data/rotten/banana/rotated_by_15_Screen Shot 2018-06-12 at 9.10.37 PM.png,banana_rotten,564,382,RGB,215448,c74775389c0fbf17bcdd685e75d0493c,False,2275.9333662659064,94.02489356760341,161.01496731505102,97.22228318921606,6.751586,True,False,False,False,True,True
rotten,banana,vertical_flip_Screen Shot 2018-06-12 at 9.12.57 PM.png,data/rotten/banana/vertical_flip_Screen Shot 2018-06-12 at 9.12.57 PM.png,banana_rotten,454,340,RGB,154360,13ec606d8c45680f623036ff546aa7e7,False,115.53427917785518,32.378140281471325,25.51825573979592,36.92049718245819,5.3177176,False,True,False,False,True,True
rotten,banana,rotated_by_45_Screen Shot 2018-06-12 at 9.14.01 PM.png,data/rotten/banana/rotated_by_45_Screen Shot 2018-06-12 at 9.14.01 PM.png,banana_rotten,584,386,RGB,225424,eaad7ab1b1c8a70b1335c59643424c49,False,2550.2406965173914,80.22252895393555,127.6664740114796,111.7193779811969,4.5501404,True,False,False,False,True,True
rotten,banana,rotated_by_45_Screen Shot 2018-06-12 at 8.55.08 PM.png,data/rotten/banana/rotated_by_45_Screen Shot 2018-06-12 at 8.55.08 PM.png,banana_rotten,472,332,RGB,156704,5d775a49559d5d8e73f77b650fb4688d,False,175.5599942693905,31.695066604434505,38.440648915816325,48.68955388269382,6.189392,False,True,False,False,True,True
rotten,banana,rotated_by_30_Screen Shot 2018-06-12 at 9.12.57 PM.png,data/rotten/banana/rotated_by_30_Screen Shot 2018-06-12 at 9.12.57 PM.png,banana_rotten,454,340,RGB,154360,957ddbb51eaa328c03b1f94d6c73edef,False,99.56120326945009,30.186395642318086,23.948939732142858,37.66092945128626,5.2527475,False,True,False,False,True,True
rotten,banana,saltandpepper_Screen Shot 2018-06-12 at 9.20.20 PM.png,data/rotten/banana/saltandpepper_Screen Shot 2018-06-12 at 9.20.20 PM.png,banana_rotten,678,396,RGB,268488,d27aac1910fabad6940ca5a7c6d1c463,False,2355.6293423536267,48.52573909500303,188.37647480867346,96.12628010351727,3.303172,True,False,False,False,True,True
rotten,banana,saltandpepper_Screen Shot 2018-06-12 at 9.03.21 PM.png,data/rotten/banana/saltandpepper_Screen Shot 2018-06-12 at 9.03.21 PM.png,banana_rotten,368,356,RGB,131008,e98bebeaab4ff015d9af535dfe2f6f4f,False,2502.9629333949692,104.41604650936335,144.27921715561226,60.21859298820416,7.49419,True,False,False,False,True,True
rotten,banana,saltandpepper_Screen Shot 2018-06-12 at 9.10.37 PM.png,data/rotten/banana/saltandpepper_Screen Shot 2018-06-12 at 9.10.37 PM.png,banana_rotten,564,382,RGB,215448,10b2e8a9b6c98b8b80278a7e4462e848,False,3242.400773641816,89.60106464442603,187.12486049107142,82.02842484797674,6.8257217,True,False,False,False,True,True
rotten,banana,translation_Screen Shot 2018-06-12 at 8.55.08 PM.png,data/rotten/banana/translation_Screen Shot 2018-06-12 at 8.55.08 PM.png,banana_rotten,472,332,RGB,156704,9f82ac07f73b7f4a379df5ca44b386fa,False,175.73083440446197,32.74672624922323,39.31102519132653,48.5613804562072,6.3804774,False,True,False,False,True,True
rotten,banana,rotated_by_75_Screen Shot 2018-06-12 at 9.12.57 PM.png,data/rotten/banana/rotated_by_75_Screen Shot 2018-06-12 at 9.12.57 PM.png,banana_rotten,454,340,RGB,154360,ec663dff1187075b0d640e5e43a42655,False,93.6001868539927,29.345294781008377,23.393395248724488,37.93150068011247,5.119074,False,True,False,False,True,True
rotten,banana,rotated_by_75_Screen Shot 2018-06-12 at 9.19.28 PM.png,data/rotten/banana/rotated_by_75_Screen Shot 2018-06-12 at 9.19.28 PM.png,banana_rotten,444,288,RGB,127872,cc1cc7cae7977e2c6f0989c22d22091a,False,287.2621966595949,48.639474730617266,52.177953603316325,49.51444442501474,5.8308372,False,True,False,False,True,True
rotten,banana,saltandpepper_Screen Shot 2018-06-12 at 9.04.01 PM.png,data/rotten/banana/saltandpepper_Screen Shot 2018-06-12 at 9.04.01 PM.png,banana_rotten,606,368,RGB,223008,c74506a99003a6847bcc7791433d59e7,False,2410.141236282199,56.65480443330409,193.72536670918367,94.50404910488672,4.4313,True,False,False,False,True,True
rotten,banana,saltandpepper_Screen Shot 2018-06-12 at 9.03.17 PM.png,data/rotten/banana/saltandpepper_Screen Shot 2018-06-12 at 9.03.17 PM.png,banana_rotten,518,362,RGB,187516,e73cddfb4747434b31bb31587eddd086,False,3029.4033047991065,114.90459052290741,150.39640465561226,75.40821325996754,7.711449,True,False,False,False,True,True
rotten,banana,saltandpepper_Screen Shot 2018-06-12 at 8.49.59 PM.png,data/rotten/banana/saltandpepper_Screen Shot 2018-06-12 at 8.49.59 PM.png,banana_rotten,564,340,RGB,191760,797a10f0432eb13e5ebfc0568a969559,False,2231.1785941038565,35.434798723852815,203.90971779336735,90.86308418820067,2.431181,True,False,False,False,True,True
rotten,banana,rotated_by_15_Screen Shot 2018-06-12 at 9.12.57 PM.png,data/rotten/banana/rotated_by_15_Screen Shot 2018-06-12 at 9.12.57 PM.png,banana_rotten,454,340,RGB,154360,326b511347600308417eadcf5935b964,False,97.9348869558078,30.871577275318003,24.511818399234695,37.38234172559572,5.350219,False,True,False,False,True,True
rotten,banana,rotated_by_60_Screen Shot 2018-06-12 at 8.55.08 PM.png,data/rotten/banana/rotated_by_60_Screen Shot 2018-06-12 at 8.55.08 PM.png,banana_rotten,472,332,RGB,156704,412bdec01945dd104a44db5c3a3cc5bf,False,164.49302347954585,30.223414936851043,36.86312181122449,48.06831033599856,6.066376,False,True,False,False,True,True
rotten,banana,rotated_by_60_Screen Shot 2018-06-12 at 9.14.01 PM.png,data/rotten/banana/rotated_by_60_Screen Shot 2018-06-12 at 9.14.01 PM.png,banana_rotten,584,386,RGB,225424,aee9cb98c542de18021d73ec485a6dd5,False,2386.872382015052,80.98059623691586,120.52598852040816,111.7578184783995,4.5339923,True,False,False,False,True,True
rotten,banana,rotated_by_30_Screen Shot 2018-06-12 at 9.10.37 PM.png,data/rotten/banana/rotated_by_30_Screen Shot 2018-06-12 at 9.10.37 PM.png,banana_rotten,564,382,RGB,215448,cb9a787422728afbe501e17ced1a0293,False,2501.671315664254,92.6550132021561,145.24904336734693,102.30545289010327,6.550415,True,False,False,False,True,True
rotten,banana,saltandpepper_Screen Shot 2018-06-12 at 8.52.01 PM.png,data/rotten/banana/saltandpepper_Screen Shot 2018-06-12 at 8.52.01 PM.png,banana_rotten,600,372,RGB,223200,edbf083fdb270d572ac88e94bcd0d78d,False,2230.553773394628,43.06165132864534,206.052734375,82.4106292157368,3.4555569,True,False,False,False,True,True
rotten,banana,rotated_by_75_Screen Shot 2018-06-12 at 9.10.37 PM.png,data/rotten/banana/rotated_by_75_Screen Shot 2018-06-12 at 9.10.37 PM.png,banana_rotten,564,382,RGB,215448,8eeaa251ff734ce9ec82a0b6304c30e2,False,2342.210198617687,92.28669453596738,118.14935427295919,106.41769299058734,5.9000735,True,False,False,False,True,True
rotten,banana,saltandpepper_Screen Shot 2018-06-12 at 9.12.57 PM.png,data/rotten/banana/saltandpepper_Screen Shot 2018-06-12 at 9.12.57 PM.png,banana_rotten,454,340,RGB,154360,d860d5b2d3917ce02ee205b839eb522b,False,1879.603872932329,41.12886011824108,26.18391262755102,37.80758919195552,5.372341,False,True,False,False,True,True
rotten,banana,saltandpepper_Screen Shot 2018-06-12 at 8.56.30 PM.png,data/rotten/banana/saltandpepper_Screen Shot 2018-06-12 at 8.56.30 PM.png,banana_rotten,734,424,RGB,311216,7ae812ce11b52f91135d687918236516,False,3103.403234492138,79.34648658033028,215.69979671556123,62.92087453656314,4.028269,True,False,False,False,True,True
rotten,banana,saltandpepper_Screen Shot 2018-06-12 at 9.14.43 PM.png,data/rotten/banana/saltandpepper_Screen Shot 2018-06-12 at 9.14.43 PM.png,banana_rotten,548,356,RGB,195088,a0658cc49bf280d1561ca5282289f3ca,False,2567.930451751401,64.26737051811888,198.73577008928572,83.96760571664781,3.8182087,True,False,False,False,True,True
rotten,banana,saltandpepper_Screen Shot 2018-06-12 at 9.04.19 PM.png,data/rotten/banana/saltandpepper_Screen Shot 2018-06-12 at 9.04.19 PM.png,banana_rotten,548,366,RGB,200568,1aea8b75b0a23e2724a8d1c7e8aa470c,False,2919.913389497477,119.39240977317378,116.81110491071429,56.68070888171759,7.719973,True,False,False,False,True,True
rotten,banana,saltandpepper_Screen Shot 2018-06-12 at 9.04.15 PM.png,data/rotten/banana/saltandpepper_Screen Shot 2018-06-12 at 9.04.15 PM.png,banana_rotten,574,390,RGB,223860,d23b3c9a221b35b62f95f628c8780fb1,False,2248.717252391718,100.91261627864206,129.47811702806123,51.08547274519269,7.5064616,True,False,False,False,True,True
rotten,banana,saltandpepper_Screen Shot 2018-06-12 at 9.25.23 PM.png,data/rotten/banana/saltandpepper_Screen Shot 2018-06-12 at 9.25.23 PM.png,banana_rotten,576,386,RGB,222336,9c37364de157600ddd48afc4cc180549,False,2213.9303793615222,54.02670833358219,221.63516422193877,64.51754720543913,3.3129194,True,False,False,False,True,True
rotten,banana,saltandpepper_Screen Shot 2018-06-12 at 8.59.23 PM.png,data/rotten/banana/saltandpepper_Screen Shot 2018-06-12 at 8.59.23 PM.png,banana_rotten,224,338,RGB,75712,4d610ef1a910529f0edf1a43f05d9e5b,False,2373.134807743563,41.87695376138549,202.1888352997449,92.05986405781343,3.2568026,True,False,False,False,True,True
rotten,banana,rotated_by_75_Screen Shot 2018-06-12 at 9.11.27 PM.png,data/rotten/banana/rotated_by_75_Screen Shot 2018-06-12 at 9.11.27 PM.png,banana_rotten,554,386,RGB,213844,7a8c4c11b17544b81b2e0c378a8b1260,False,594.1964924755517,52.95920697756404,40.49898357780612,46.04694678216172,5.88967,False,True,False,False,True,True
rotten,banana,rotated_by_15_Screen Shot 2018-06-12 at 9.19.08 PM.png,data/rotten/banana/rotated_by_15_Screen Shot 2018-06-12 at 9.19.08 PM.png,banana_rotten,450,330,RGB,148500,fae0e660481f1b81cb109d7115884835,False,161.36402361733573,35.92143198546506,45.888054049744895,32.25734082563551,6.466999,False,True,False,False,True,True
rotten,banana,rotated_by_60_Screen Shot 2018-06-12 at 9.19.17 PM.png,data/rotten/banana/rotated_by_60_Screen Shot 2018-06-12 at 9.19.17 PM.png,banana_rotten,518,318,RGB,164724,9714e62cb5e36334f5079602dc4886b2,False,257.53808406748806,36.20456907800834,42.9704440369898,43.38760283088491,5.799169,False,True,False,False,True,True
rotten,banana,Screen Shot 2018-06-12 at 8.55.08 PM.png,data/rotten/banana/Screen Shot 2018-06-12 at 8.55.08 PM.png,banana_rotten,472,332,RGBA,156704,d9315a1793be3a2d4095133fc32a3a21,False,187.80514796462373,32.86643989336466,43.326291454081634,46.52038397054667,6.681877,False,True,False,False,True,True
rotten,banana,rotated_by_15_Screen Shot 2018-06-12 at 8.56.30 PM.png,data/rotten/banana/rotated_by_15_Screen Shot 2018-06-12 at 8.56.30 PM.png,banana_rotten,734,424,RGB,311216,d04fb036f2abd8cce0185744a606cab0,False,2400.312951131644,86.02103326485927,185.5750956632653,91.63318419884482,4.4125996,True,False,False,False,True,True
rotten,banana,vertical_flip_Screen Shot 2018-06-12 at 9.11.27 PM.png,data/rotten/banana/vertical_flip_Screen Shot 2018-06-12 at 9.11.27 PM.png,banana_rotten,554,386,RGB,213844,1dbeff883b2bbd425df7ce7a8345eb45,False,682.7043668007364,56.76769577367756,52.58394451530612,42.69208179241065,7.030242,False,True,False,False,True,True
rotten,banana,saltandpepper_Screen Shot 2018-06-12 at 9.01.26 PM.png,data/rotten/banana/saltandpepper_Screen Shot 2018-06-12 at 9.01.26 PM.png,banana_rotten,576,368,RGB,211968,918c33a7ebfbc63755d0a36da3db8462,False,3357.708244117187,102.07013946437408,150.94144610969389,56.59491544383639,7.583413,True,False,False,False,True,True
rotten,banana,rotated_by_30_Screen Shot 2018-06-12 at 9.11.27 PM.png,data/rotten/banana/rotated_by_30_Screen Shot 2018-06-12 at 9.11.27 PM.png,banana_rotten,554,386,RGB,213844,61df5c82777ab2f6e70db4625cb41874,False,576.4443739780235,54.7958687791293,48.50458386479592,45.253340811767025,6.4950686,False,True,False,False,True,True
rotten,banana,translation_Screen Shot 2018-06-12 at 9.19.17 PM.png,data/rotten/banana/translation_Screen Shot 2018-06-12 at 9.19.17 PM.png,banana_rotten,518,318,RGB,164724,90ba23cf8ae9093e1a03c50ff6140312,False,257.85101250636984,38.2890214233194,47.429567920918366,37.14112319233295,6.4404345,False,True,False,False,True,True
rotten,banana,rotated_by_30_Screen Shot 2018-06-12 at 9.19.08 PM.png,data/rotten/banana/rotated_by_30_Screen Shot 2018-06-12 at 9.19.08 PM.png,banana_rotten,450,330,RGB,148500,e04cf12acb5dbe9cf7627294af91d35e,False,171.15707667556117,34.18932620319075,42.52166374362245,33.50374376173669,6.2358274,False,True,False,False,True,True
rotten,banana,saltandpepper_Screen Shot 2018-06-12 at 9.11.27 PM.png,data/rotten/banana/saltandpepper_Screen Shot 2018-06-12 at 9.11.27 PM.png,banana_rotten,554,386,RGB,213844,b7eb22dde091dad42ddf18d34e2e0ee3,False,1859.994149344308,62.64643354964588,53.00825095663265,43.13929919143144,7.0442653,False,True,False,False,True,True
rotten,banana,vertical_flip_Screen Shot 2018-06-12 at 9.01.26 PM.png,data/rotten/banana/vertical_flip_Screen Shot 2018-06-12 at 9.01.26 PM.png,banana_rotten,576,368,RGB,211968,4348cd4de27c168abdfd4720d7b6d62c,False,2169.961585772926,97.11400437783146,151.12087452168367,56.418098085756476,7.5718403,True,False,False,False,True,True
rotten,banana,translation_Screen Shot 2018-06-12 at 9.10.41 PM.png,data/rotten/banana/translation_Screen Shot 2018-06-12 at 9.10.41 PM.png,banana_rotten,486,426,RGB,207036,43033c839b5732c3b371f84218315655,False,2440.638210355019,87.76854726984803,162.4552375637755,92.3299672524008,6.4866376,True,False,False,False,True,True
rotten,banana,rotated_by_15_Screen Shot 2018-06-12 at 9.11.27 PM.png,data/rotten/banana/rotated_by_15_Screen Shot 2018-06-12 at 9.11.27 PM.png,banana_rotten,554,386,RGB,213844,ad17cec2f68f2fe7986277fc9bad3f94,False,560.6584786713396,55.68077763032798,50.76801658163265,44.02971753088151,6.7772913,False,True,False,False,True,True
rotten,banana,saltandpepper_Screen Shot 2018-06-12 at 9.14.22 PM.png,data/rotten/banana/saltandpepper_Screen Shot 2018-06-12 at 9.14.22 PM.png,banana_rotten,706,400,RGB,282400,e68eba5fcb5a326d6689f3545c68cdee,False,2175.9565362922353,59.20825595174177,201.38422751913265,73.77721813196366,3.885726,True,False,False,False,True,True
rotten,banana,rotated_by_30_Screen Shot 2018-06-12 at 8.56.30 PM.png,data/rotten/banana/rotated_by_30_Screen Shot 2018-06-12 at 8.56.30 PM.png,banana_rotten,734,424,RGB,311216,ff678292c83588c53f901c649a66811b,False,2982.6921438763707,84.36380704830643,165.89271763392858,102.1195740098182,4.419815,True,False,False,False,True,True
rotten,banana,rotated_by_45_Screen Shot 2018-06-12 at 9.19.17 PM.png,data/rotten/banana/rotated_by_45_Screen Shot 2018-06-12 at 9.19.17 PM.png,banana_rotten,518,318,RGB,164724,5493d3b70dbf72243cdc901980b190e4,False,258.04994698635295,37.041644021019444,45.92934869260204,42.469255775996324,6.0920615,False,True,False,False,True,True
rotten,banana,rotated_by_75_Screen Shot 2018-06-12 at 9.19.08 PM.png,data/rotten/banana/rotated_by_75_Screen Shot 2018-06-12 at 9.19.08 PM.png,banana_rotten,450,330,RGB,148500,7b73208d67e6eb9f9fe5fb5fd714f55c,False,188.72184863203717,35.97642521343147,39.998604910714285,36.25890490948187,5.984035,False,True,False,False,True,True
rotten,banana,saltandpepper_Screen Shot 2018-06-12 at 9.26.07 PM.png,data/rotten/banana/saltandpepper_Screen Shot 2018-06-12 at 9.26.07 PM.png,banana_rotten,564,378,RGB,213192,5eb05d16bea2cc67dcaace48c19ba9b8,False,2236.742486447704,58.30037939549531,198.53812579719389,73.08233114661915,4.154167,True,False,False,False,True,True
rotten,banana,vertical_flip_Screen Shot 2018-06-12 at 8.55.08 PM.png,data/rotten/banana/vertical_flip_Screen Shot 2018-06-12 at 8.55.08 PM.png,banana_rotten,472,332,RGB,156704,e6af482794a3c1218845d89a0358edb4,False,187.80514796462367,32.86643989336466,43.326291454081634,46.52038397054667,6.681877,False,True,False,False,True,True
rotten,banana,rotated_by_30_Screen Shot 2018-06-12 at 9.14.01 PM.png,data/rotten/banana/rotated_by_30_Screen Shot 2018-06-12 at 9.14.01 PM.png,banana_rotten,584,386,RGB,225424,d24e2aac0124819ff77c507511c69c0e,False,2405.7317192700443,82.89763685049556,136.0223014987245,110.75653518141438,4.6173477,True,False,False,False,True,True
rotten,banana,Screen Shot 2018-06-12 at 9.11.27 PM.png,data/rotten/banana/Screen Shot 2018-06-12 at 9.11.27 PM.png,banana_rotten,554,386,RGBA,213844,54761f8a5ace7fc56585baeb17397fbb,False,682.7043668007364,56.767695773677566,52.58394451530612,42.69208179241065,7.030242,False,True,False,False,True,True
rotten,banana,saltandpepper_Screen Shot 2018-06-12 at 9.14.48 PM.png,data/rotten/banana/saltandpepper_Screen Shot 2018-06-12 at 9.14.48 PM.png,banana_rotten,690,384,RGB,264960,0ac30c4287f192c70f0e9bebef466e96,False,2222.6425979400565,61.15855479624748,198.25021922831633,74.68292743580975,4.1002865,True,False,False,False,True,True
rotten,banana,rotated_by_60_Screen Shot 2018-06-12 at 9.10.37 PM.png,data/rotten/banana/rotated_by_60_Screen Shot 2018-06-12 at 9.10.37 PM.png,banana_rotten,564,382,RGB,215448,5f6f7cf68c988fb238edf81c890d2988,False,2526.860985752346,93.63202431012463,129.63819355867346,104.8687235271986,6.2467375,True,False,False,False,True,True
rotten,banana,saltandpepper_Screen Shot 2018-06-12 at 8.51.21 PM.png,data/rotten/banana/saltandpepper_Screen Shot 2018-06-12 at 8.51.21 PM.png,banana_rotten,586,440,RGB,257840,81b93afba0ae4a42343d8b0f43bf2648,False,2294.5902218733268,71.52826002215404,198.1835339604592,76.60963002171917,4.8445697,True,False,False,False,True,True
rotten,banana,saltandpepper_Screen Shot 2018-06-12 at 9.08.22 PM.png,data/rotten/banana/saltandpepper_Screen Shot 2018-06-12 at 9.08.22 PM.png,banana_rotten,584,396,RGB,231264,b6d8b370fadf79ac068fe9f785506dd6,False,2505.343504734508,62.94813698503356,209.4696269132653,70.34557976265438,4.037676,True,False,False,False,True,True
rotten,banana,saltandpepper_Screen Shot 2018-06-12 at 9.00.11 PM.png,data/rotten/banana/saltandpepper_Screen Shot 2018-06-12 at 9.00.11 PM.png,banana_rotten,664,430,RGB,285520,01aa60fc6978e57d0a70ee6eb91a0659,False,2199.3840835599885,35.85111895859311,205.7957389987245,85.50538806003206,2.8537347,True,False,False,False,True,True
rotten,banana,saltandpepper_Screen Shot 2018-06-12 at 9.03.51 PM.png,data/rotten/banana/saltandpepper_Screen Shot 2018-06-12 at 9.03.51 PM.png,banana_rotten,590,352,RGB,207680,dbae1e683c72ae692b036ca431180ed9,False,2329.9933068089963,87.82755832686861,143.06329719387756,65.8221496489527,7.50782,True,False,False,False,True,True
rotten,banana,rotated_by_30_Screen Shot 2018-06-12 at 8.55.08 PM.png,data/rotten/banana/rotated_by_30_Screen Shot 2018-06-12 at 8.55.08 PM.png,banana_rotten,472,332,RGB,156704,773ee2ce591f0badc51fc33c6cd69876,False,177.68349657253344,32.60709261486143,39.845145089285715,48.25722517009595,6.3479643,False,True,False,False,True,True
rotten,banana,rotated_by_45_Screen Shot 2018-06-12 at 9.12.57 PM.png,data/rotten/banana/rotated_by_45_Screen Shot 2018-06-12 at 9.12.57 PM.png,banana_rotten,454,340,RGB,154360,41ddef0a390e62e5dbb9adabd6a711b5,False,99.8494459642365,29.961042850850166,23.676837531887756,37.79822711960542,5.194011,False,True,False,False,True,True
rotten,banana,translation_Screen Shot 2018-06-12 at 9.12.57 PM.png,data/rotten/banana/translation_Screen Shot 2018-06-12 at 9.12.57 PM.png,banana_rotten,454,340,RGB,154360,6420f6d6959000d49ff2bf11fc4f556f,False,110.0483084221474,30.2419954024716,24.108019770408163,37.635636011524454,5.2989287,False,True,False,False,True,True
rotten,banana,rotated_by_75_Screen Shot 2018-06-12 at 8.55.08 PM.png,data/rotten/banana/rotated_by_75_Screen Shot 2018-06-12 at 8.55.08 PM.png,banana_rotten,472,332,RGB,156704,f371697a3e7555db348c2074d1cc3685,False,155.0049219377733,29.307821103535694,35.746014030612244,47.91751406067416,5.8769865,False,True,False,False,True,True
rotten,banana,saltandpepper_Screen Shot 2018-06-12 at 8.47.51 PM.png,data/rotten/banana/saltandpepper_Screen Shot 2018-06-12 at 8.47.51 PM.png,banana_rotten,676,380,RGB,256880,db78a4d11d5959a5f249a5de84d3b041,False,2274.865560703603,44.22996658817574,206.99962133290816,84.50190652104881,3.0728204,True,False,False,False,True,True
rotten,banana,saltandpepper_Screen Shot 2018-06-12 at 9.19.35 PM.png,data/rotten/banana/saltandpepper_Screen Shot 2018-06-12 at 9.19.35 PM.png,banana_rotten,552,384,RGB,211968,9089bef3a7b5b3120004bcb5e3a1bce5,False,2281.1019980189503,76.22033708146402,191.6759805484694,79.61651326143205,4.6158476,True,False,False,False,True,True
rotten,banana,saltandpepper_Screen Shot 2018-06-12 at 9.16.34 PM.png,data/rotten/banana/saltandpepper_Screen Shot 2018-06-12 at 9.16.34 PM.png,banana_rotten,548,430,RGB,235640,b47d5dd2ae6b949ecfccd476fae6048c,False,2448.41909567568,70.92289233952859,199.6104512117347,73.4984871977921,4.331705,True,False,False,False,True,True
rotten,banana,saltandpepper_Screen Shot 2018-06-12 at 9.06.13 PM.png,data/rotten/banana/saltandpepper_Screen Shot 2018-06-12 at 9.06.13 PM.png,banana_rotten,608,372,RGB,226176,a1708cca8e999c8f8647e1798df86e4f,False,2382.2433633287965,69.29358647314407,136.51957110969389,101.92827821314934,5.152166,True,False,False,False,True,True
rotten,banana,rotated_by_60_Screen Shot 2018-06-12 at 9.12.57 PM.png,data/rotten/banana/rotated_by_60_Screen Shot 2018-06-12 at 9.12.57 PM.png,banana_rotten,454,340,RGB,154360,c33eb11ed6e88de61cc119787d54c830,False,97.87471467740632,29.81849495824925,23.574019451530614,37.84198259550562,5.1656303,False,True,False,False,True,True
rotten,banana,rotated_by_15_Screen Shot 2018-06-12 at 8.55.08 PM.png,data/rotten/banana/rotated_by_15_Screen Shot 2018-06-12 at 8.55.08 PM.png,banana_rotten,472,332,RGB,156704,83e32bf5bda172697bd68fda58e2cb66,False,170.71021514433414,33.22701859891554,41.460180165816325,47.62039497628229,6.5719147,False,True,False,False,True,True
rotten,banana,saltandpepper_Screen Shot 2018-06-12 at 8.47.41 PM.png,data/rotten/banana/saltandpepper_Screen Shot 2018-06-12 at 8.47.41 PM.png,banana_rotten,682,466,RGB,317812,b05a47ad2352bc1174730f492bc8be18,False,2348.554487127505,56.08687399284229,207.75711495535714,77.75161269366738,3.456069,True,False,False,False,True,True
rotten,banana,rotated_by_45_Screen Shot 2018-06-12 at 9.10.37 PM.png,data/rotten/banana/rotated_by_45_Screen Shot 2018-06-12 at 9.10.37 PM.png,banana_rotten,564,382,RGB,215448,e2eebdac21cd38b3e86f48507bfcee71,False,2615.677596645125,92.11209960642692,136.5020129145408,104.00239785840357,6.3852224,True,False,False,False,True,True
rotten,banana,rotated_by_15_Screen Shot 2018-06-12 at 9.14.01 PM.png,data/rotten/banana/rotated_by_15_Screen Shot 2018-06-12 at 9.14.01 PM.png,banana_rotten,584,386,RGB,225424,8e4fa9a05852a5ab602fdd8d31b16a94,False,2249.6748650092873,87.48116867185503,151.7506178252551,107.75043563328315,4.6384487,True,False,False,False,True,True
rotten,banana,saltandpepper_Screen Shot 2018-06-12 at 9.05.08 PM.png,data/rotten/banana/saltandpepper_Screen Shot 2018-06-12 at 9.05.08 PM.png,banana_rotten,718,398,RGB,285764,f7a6f9a21447e893dd9c8c86e0ada26b,False,2453.5676804240275,58.883730358099996,206.74920280612244,82.87411838883553,4.7778587,True,False,False,False,True,True
rotten,banana,saltandpepper_Screen Shot 2018-06-12 at 8.55.08 PM.png,data/rotten/banana/saltandpepper_Screen Shot 2018-06-12 at 8.55.08 PM.png,banana_rotten,472,332,RGB,156704,7fa7190860b3804bab36d677ee4a10aa,False,1497.7760656977237,40.811989296868155,43.84259406887755,46.96800229895327,6.704931,False,True,False,False,True,True
rotten,banana,translation_Screen Shot 2018-06-12 at 9.10.37 PM.png,data/rotten/banana/translation_Screen Shot 2018-06-12 at 9.10.37 PM.png,banana_rotten,564,382,RGB,215448,f454385420f6aadd9d2ae9984d2dd28d,False,2438.792987230866,97.08271355937492,156.6339883609694,99.26333746226341,6.6307626,True,False,False,False,True,True
rotten,banana,Screen Shot 2018-06-12 at 9.01.26 PM.png,data/rotten/banana/Screen Shot 2018-06-12 at 9.01.26 PM.png,banana_rotten,576,368,RGBA,211968,dcb2ea2033002fc9855f5c10cdaeb7d1,False,2169.961585772926,97.11400437783146,151.12087452168367,56.418098085756476,7.5718403,True,False,False,False,True,True
rotten,banana,saltandpepper_Screen Shot 2018-06-12 at 9.14.13 PM.png,data/rotten/banana/saltandpepper_Screen Shot 2018-06-12 at 9.14.13 PM.png,banana_rotten,536,312,RGB,167232,c982e977809e49bd8e87d06da6d9a817,False,2234.0200304426985,65.19632658416036,198.3337850765306,84.15671472959723,4.3511415,True,False,False,False,True,True
rotten,banana,saltandpepper_Screen Shot 2018-06-12 at 9.14.01 PM.png,data/rotten/banana/saltandpepper_Screen Shot 2018-06-12 at 9.14.01 PM.png,banana_rotten,584,386,RGB,225424,2eb35db0f9de35ba0f04791f8d87fa5c,False,3244.28787782082,81.41973029079857,180.1159518494898,97.22324743188618,4.2397428,True,False,False,False,True,True
rotten,banana,translation_Screen Shot 2018-06-12 at 9.11.27 PM.png,data/rotten/banana/translation_Screen Shot 2018-06-12 at 9.11.27 PM.png,banana_rotten,554,386,RGB,213844,b077bb86de04fc3779a48314fa6bdf15,False,692.2202426440912,56.000233083316594,49.11660953443877,45.208383796743625,6.6178875,False,True,False,False,True,True
rotten,banana,rotated_by_60_Screen Shot 2018-06-12 at 9.19.08 PM.png,data/rotten/banana/rotated_by_60_Screen Shot 2018-06-12 at 9.19.08 PM.png,banana_rotten,450,330,RGB,148500,1725f06afac252d18cc00fa52094fb34,False,193.81337568631824,35.06515492491577,41.32955994897959,35.42189304581578,6.1056075,False,True,False,False,True,True
rotten,banana,saltandpepper_Screen Shot 2018-06-12 at 9.00.17 PM.png,data/rotten/banana/saltandpepper_Screen Shot 2018-06-12 at 9.00.17 PM.png,banana_rotten,584,422,RGB,246448,2f6a3aa44a3aadccf35d50a0e3fd861c,False,2217.6783392293314,46.818794170096204,212.7799744897959,76.06019641129221,3.1376324,True,False,False,False,True,True
rotten,banana,saltandpepper_Screen Shot 2018-06-12 at 9.04.41 PM.png,data/rotten/banana/saltandpepper_Screen Shot 2018-06-12 at 9.04.41 PM.png,banana_rotten,416,290,RGB,120640,dd6131aa721e422045f53f53481c64b0,False,2319.3788675580704,111.64197436546297,136.66137197066325,48.190205496911226,7.416318,True,False,False,False,True,True
rotten,banana,Screen Shot 2018-06-12 at 9.12.57 PM.png,data/rotten/banana/Screen Shot 2018-06-12 at 9.12.57 PM.png,banana_rotten,454,340,RGBA,154360,e9fa9018bab45131e4c03b5e327d2060,False,115.53427917785518,32.378140281471325,25.51825573979592,36.92049718245819,5.3177176,False,True,False,False,True,True
rotten,banana,rotated_by_15_Screen Shot 2018-06-12 at 9.19.17 PM.png,data/rotten/banana/rotated_by_15_Screen Shot 2018-06-12 at 9.19.17 PM.png,banana_rotten,518,318,RGB,164724,51c7429b8563857f6ee244775ac1d010,False,230.5896514037012,39.8886895803406,52.4416653380102,39.41643108337402,6.655433,False,True,False,False,True,True
rotten,banana,rotated_by_60_Screen Shot 2018-06-12 at 8.56.30 PM.png,data/rotten/banana/rotated_by_60_Screen Shot 2018-06-12 at 8.56.30 PM.png,banana_rotten,734,424,RGB,311216,70a543c4dbfa3e91e907e4c928e03fbb,False,2452.799750925451,74.39597379655673,141.89963329081633,112.92745187077516,3.7704587,True,False,False,False,True,True
rotten,banana,saltandpepper_Screen Shot 2018-06-12 at 9.10.41 PM.png,data/rotten/banana/saltandpepper_Screen Shot 2018-06-12 at 9.10.41 PM.png,banana_rotten,486,426,RGB,207036,4520d7755e66b1931591d56f8b32f2f8,False,2873.420230476224,80.36580397669236,192.2316047512755,70.2337699133979,6.667903,True,False,False,False,True,True
rotten,banana,saltandpepper_Screen Shot 2018-06-12 at 9.26.01 PM.png,data/rotten/banana/saltandpepper_Screen Shot 2018-06-12 at 9.26.01 PM.png,banana_rotten,572,428,RGB,244816,30e7bba1272663f99e6d10db1cedeaae,False,2503.4015262445673,51.86265433787106,195.74320392219389,88.80313695889343,3.456882,True,False,False,False,True,True
rotten,banana,rotated_by_45_Screen Shot 2018-06-12 at 9.11.27 PM.png,data/rotten/banana/rotated_by_45_Screen Shot 2018-06-12 at 9.11.27 PM.png,banana_rotten,554,386,RGB,213844,1db301949c44cd024846a6eb2122b56d,False,587.1566586027737,54.43090630192694,45.97903380102041,45.81804150949098,6.3180313,False,True,False,False,True,True
rotten,banana,saltandpepper_Screen Shot 2018-06-12 at 9.26.13 PM.png,data/rotten/banana/saltandpepper_Screen Shot 2018-06-12 at 9.26.13 PM.png,banana_rotten,632,392,RGB,247744,0338007e3396d74ddb0ef54e4fb1ec0a,False,2263.526725567266,60.54034146078332,195.79916693239795,77.86867173882253,4.0580955,True,False,False,False,True,True
rotten,banana,saltandpepper_Screen Shot 2018-06-12 at 9.03.55 PM.png,data/rotten/banana/saltandpepper_Screen Shot 2018-06-12 at 9.03.55 PM.png,banana_rotten,506,332,RGB,167992,207a4e6f128f25b8be660c4c064b4e9d,False,2446.427615929921,113.29357034432573,146.6150350765306,48.88312377385831,7.459982,True,False,False,False,True,True
rotten,banana,saltandpepper_Screen Shot 2018-06-12 at 9.14.07 PM.png,data/rotten/banana/saltandpepper_Screen Shot 2018-06-12 at 9.14.07 PM.png,banana_rotten,568,310,RGB,176080,38891bcece0ddd7f93055eafba2325c4,False,2689.147157356869,75.37974224226016,208.61216517857142,75.90455040358361,4.3442154,True,False,False,False,True,True
rotten,banana,rotated_by_75_Screen Shot 2018-06-12 at 9.19.17 PM.png,data/rotten/banana/rotated_by_75_Screen Shot 2018-06-12 at 9.19.17 PM.png,banana_rotten,518,318,RGB,164724,f7272b52c0949789f7e725fd2447caf5,False,238.15959592006544,34.14587152331162,38.220982142857146,42.689977123480084,5.386794,False,True,False,False,True,True
rotten,banana,rotated_by_45_Screen Shot 2018-06-12 at 9.19.08 PM.png,data/rotten/banana/rotated_by_45_Screen Shot 2018-06-12 at 9.19.08 PM.png,banana_rotten,450,330,RGB,148500,0b9b68bd397ca6250e7309e15a6e3b6f,False,185.3458221666717,34.10013421023516,41.13109853316327,34.29789114640168,6.1144266,False,True,False,False,True,True
rotten,banana,translation_Screen Shot 2018-06-12 at 8.56.30 PM.png,data/rotten/banana/translation_Screen Shot 2018-06-12 at 8.56.30 PM.png,banana_rotten,734,424,RGB,311216,1388643877101de63fc3d23df8cee0ba,False,2839.3354597870184,88.80842427103975,188.57876275510205,89.93579266259528,4.290767,True,False,False,False,True,True
rotten,banana,saltandpepper_Screen Shot 2018-06-12 at 9.10.32 PM.png,data/rotten/banana/saltandpepper_Screen Shot 2018-06-12 at 9.10.32 PM.png,banana_rotten,502,390,RGB,195780,2fafb363e2509574b186240ad848a38c,False,2769.7355823918015,82.21738544389383,184.87661431760205,73.02314240809707,7.066885,True,False,False,False,True,True
rotten,banana,saltandpepper_Screen Shot 2018-06-12 at 8.51.46 PM.png,data/rotten/banana/saltandpepper_Screen Shot 2018-06-12 at 8.51.46 PM.png,banana_rotten,582,396,RGB,230472,b4f1844a7ff76a97f060ff012991b791,False,2170.942302425421,82.82612070304015,177.9509127869898,81.18273119200741,5.5129566,True,False,False,False,True,True
rotten,banana,saltandpepper_Screen Shot 2018-06-12 at 8.56.21 PM.png,data/rotten/banana/saltandpepper_Screen Shot 2018-06-12 at 8.56.21 PM.png,banana_rotten,452,410,RGB,185320,cc32215c2c5b10d70a820cef379387a8,False,2223.556394546045,55.89328011057499,190.56602758290816,85.63953833109085,4.779126,True,False,False,False,True,True
rotten,banana,saltandpepper_Screen Shot 2018-06-12 at 9.13.48 PM.png,data/rotten/banana/saltandpepper_Screen Shot 2018-06-12 at 9.13.48 PM.png,banana_rotten,720,326,RGB,234720,e7ced6410e0da19445ce810798026325,False,2197.267905315128,88.60813376900855,150.25460379464286,44.96427118419541,7.3059087,True,False,False,False,True,True
rotten,banana,saltandpepper_Screen Shot 2018-06-12 at 9.03.12 PM.png,data/rotten/banana/saltandpepper_Screen Shot 2018-06-12 at 9.03.12 PM.png,banana_rotten,612,426,RGB,260712,c6b5d2164c79cb19235bb3a1392dd72c,False,2652.4454447699804,64.54999409786882,183.6080397002551,99.37691989673944,4.6603527,True,False,False,False,True,True
rotten,banana,rotated_by_60_Screen Shot 2018-06-12 at 9.11.27 PM.png,data/rotten/banana/rotated_by_60_Screen Shot 2018-06-12 at 9.11.27 PM.png,banana_rotten,554,386,RGB,213844,88e03b394a2a5d34aba23be470799b15,False,586.9098314966872,53.821170443090466,43.278738839285715,45.92216388947854,6.1743073,False,True,False,False,True,True
rotten,banana,saltandpepper_Screen Shot 2018-06-12 at 8.58.38 PM.png,data/rotten/banana/saltandpepper_Screen Shot 2018-06-12 at 8.58.38 PM.png,banana_rotten,528,404,RGB,213312,eab889677f57c4a31bf4eece5a129b8b,False,2232.45671749115,73.92550123156444,189.51869419642858,74.73809852965246,5.437146,True,False,False,False,True,True
rotten,banana,rotated_by_45_Screen Shot 2018-06-12 at 8.56.30 PM.png,data/rotten/banana/rotated_by_45_Screen Shot 2018-06-12 at 8.56.30 PM.png,banana_rotten,734,424,RGB,311216,7ef4aeeb2c77a075e0b903966183d4e2,False,2749.373721419847,78.88183524847167,154.72628348214286,108.03776255966223,4.130701,True,False,False,False,True,True
rotten,banana,rotated_by_75_Screen Shot 2018-06-12 at 9.18.11 PM.png,data/rotten/banana/rotated_by_75_Screen Shot 2018-06-12 at 9.18.11 PM.png,banana_rotten,392,214,RGB,83888,1385f4d40d2827d0f806c83c1047126b,False,216.06420725219104,28.267420860791425,47.956473214285715,56.10503196786678,5.035694,False,True,False,False,True,True
rotten,banana,translation_Screen Shot 2018-06-12 at 9.19.08 PM.png,data/rotten/banana/translation_Screen Shot 2018-06-12 at 9.19.08 PM.png,banana_rotten,450,330,RGB,148500,0a02a5dc15276306c250046a3ad68c86,False,144.80781113331835,33.2271945348054,40.543526785714285,29.741993802406636,6.1733475,False,True,False,False,True,True
rotten,banana,rotated_by_30_Screen Shot 2018-06-12 at 9.19.17 PM.png,data/rotten/banana/rotated_by_30_Screen Shot 2018-06-12 at 9.19.17 PM.png,banana_rotten,518,318,RGB,164724,dfe2b9a6976c0dc5f82355c5af40b59c,False,243.86926707681246,37.809940021041285,48.38201530612245,41.09450863800108,6.348705,False,True,False,False,True,True
rotten,orange,rotated_by_15_Screen Shot 2018-06-12 at 11.39.19 PM.png,data/rotten/orange/rotated_by_15_Screen Shot 2018-06-12 at 11.39.19 PM.png,orange_rotten,292,260,RGB,75920,22c903f8e52e49ec2f49d00dde4d62a8,False,105.65264391789879,33.218919452554545,52.2785794005102,57.53248791352728,6.80556,False,True,False,False,True,True
rotten,orange,rotated_by_60_Screen Shot 2018-06-12 at 11.39.19 PM.png,data/rotten/orange/rotated_by_60_Screen Shot 2018-06-12 at 11.39.19 PM.png,orange_rotten,292,260,RGB,75920,f95dda7972104f6e5f8bd6bb99ccdd25,False,108.74495072267493,33.018323751543306,51.05779655612245,58.291129645941304,6.625793,False,True,False,False,True,True
rotten,orange,rotated_by_15_Screen Shot 2018-06-12 at 11.22.41 PM.png,data/rotten/orange/rotated_by_15_Screen Shot 2018-06-12 at 11.22.41 PM.png,orange_rotten,380,320,RGB,121600,058cc77c5bb6d2865c5a5f9ccb71f720,False,2485.0464605337775,83.48253929150475,177.75422512755102,80.94130934030088,5.605719,True,False,False,False,True,True
rotten,orange,rotated_by_60_Screen Shot 2018-06-12 at 11.22.41 PM.png,data/rotten/orange/rotated_by_60_Screen Shot 2018-06-12 at 11.22.41 PM.png,orange_rotten,380,320,RGB,121600,713e930455d3dc8dcca318e340406e31,False,2617.979429416982,82.73722092477817,159.9647839604592,89.37128252103291,5.684861,True,False,False,False,True,True
rotten,orange,rotated_by_60_Screen Shot 2018-06-12 at 11.42.52 PM.png,data/rotten/orange/rotated_by_60_Screen Shot 2018-06-12 at 11.42.52 PM.png,orange_rotten,408,334,RGB,136272,a9498f5d72af840fe473f6edcf96621d,False,2849.801401311881,81.31677771091,161.48264110331633,91.12617543023056,5.594292,True,False,False,False,True,True
rotten,orange,rotated_by_15_Screen Shot 2018-06-12 at 11.42.52 PM.png,data/rotten/orange/rotated_by_15_Screen Shot 2018-06-12 at 11.42.52 PM.png,orange_rotten,408,334,RGB,136272,dbd1908f66d41b978a04812a4aacf450,False,2712.489880416851,81.7877028140089,180.12637515943877,81.43408131312528,5.5469956,True,False,False,False,True,True
rotten,orange,rotated_by_30_Screen Shot 2018-06-12 at 11.22.41 PM.png,data/rotten/orange/rotated_by_30_Screen Shot 2018-06-12 at 11.22.41 PM.png,orange_rotten,380,320,RGB,121600,3149eae48268059fa58e6c74301f83e9,False,2614.0135701778086,82.26721048539909,163.84933035714286,88.47695414834253,5.6321898,True,False,False,False,True,True
rotten,orange,rotated_by_45_Screen Shot 2018-06-12 at 11.22.41 PM.png,data/rotten/orange/rotated_by_45_Screen Shot 2018-06-12 at 11.22.41 PM.png,orange_rotten,380,320,RGB,121600,4403752d17ea7867777a486ba1ad3d09,False,2648.8888256131786,82.00727183322277,158.2994459502551,90.40142634679425,5.65358,True,False,False,False,True,True
rotten,orange,Screen Shot 2018-06-12 at 11.42.52 PM.png,data/rotten/orange/Screen Shot 2018-06-12 at 11.42.52 PM.png,orange_rotten,408,334,RGBA,136272,229b61210400b87383416243fb3757d2,False,3394.5600279300024,70.70177463207305,206.48684630102042,57.532089765706274,5.2156396,True,False,False,False,True,True
rotten,orange,rotated_by_30_Screen Shot 2018-06-12 at 11.39.19 PM.png,data/rotten/orange/rotated_by_30_Screen Shot 2018-06-12 at 11.39.19 PM.png,orange_rotten,292,260,RGB,75920,4bf3db33eb070714d22463d6a29b82de,False,105.74274553412549,32.60746421364,51.17635921556123,58.17350956020112,6.6541114,False,True,False,False,True,True
rotten,orange,rotated_by_45_Screen Shot 2018-06-12 at 11.39.19 PM.png,data/rotten/orange/rotated_by_45_Screen Shot 2018-06-12 at 11.39.19 PM.png,orange_rotten,292,260,RGB,75920,5ca0da235feb07ed0c1357e060efaa78,False,107.00343337331101,32.6344066818818,50.83011798469388,58.39974667295802,6.586311,False,True,False,False,True,True
rotten,orange,saltandpepper_Screen Shot 2018-06-12 at 11.30.06 PM.png,data/rotten/orange/saltandpepper_Screen Shot 2018-06-12 at 11.30.06 PM.png,orange_rotten,522,404,RGB,210888,ed69091a665f121bc26de056b26c1a3d,False,2578.9394323177407,74.27953689984814,72.61449697066327,73.735034776244,5.9007998,True,False,False,False,True,True
rotten,orange,translation_Screen Shot 2018-06-12 at 11.39.19 PM.png,data/rotten/orange/translation_Screen Shot 2018-06-12 at 11.39.19 PM.png,orange_rotten,292,260,RGB,75920,a0f6ea7e0477de13c53772c02d802a12,False,135.3322943799052,31.721920896616062,49.109594228316325,59.39133105518773,6.316536,False,True,False,False,True,True
rotten,orange,vertical_flip_Screen Shot 2018-06-12 at 11.22.41 PM.png,data/rotten/orange/vertical_flip_Screen Shot 2018-06-12 at 11.22.41 PM.png,orange_rotten,380,320,RGB,121600,503e0f09af531a16dd238cbf44c6cabe,False,3214.6603954081634,74.04014849083744,203.3741828762755,58.045079209473315,5.301566,True,False,False,False,True,True
rotten,orange,translation_Screen Shot 2018-06-12 at 11.22.41 PM.png,data/rotten/orange/translation_Screen Shot 2018-06-12 at 11.22.41 PM.png,orange_rotten,380,320,RGB,121600,de13e789eae59b191758bfbc8216a8e0,False,3855.889931497252,85.29086478339073,165.00928730867346,90.95988504293504,5.3782344,True,False,False,False,True,True
rotten,orange,rotated_by_75_Screen Shot 2018-06-12 at 11.42.52 PM.png,data/rotten/orange/rotated_by_75_Screen Shot 2018-06-12 at 11.42.52 PM.png,orange_rotten,408,334,RGB,136272,3f9d6b7a9f735f19816a985f9ab75a29,False,2768.422284678785,83.22278186624297,165.6347058354592,89.13760209835996,5.6522255,True,False,False,False,True,True
rotten,orange,saltandpepper_Screen Shot 2018-06-12 at 11.22.41 PM.png,data/rotten/orange/saltandpepper_Screen Shot 2018-06-12 at 11.22.41 PM.png,orange_rotten,380,320,RGB,121600,61d0b2fc429a439f368c37fd30048ce5,False,4542.9831307092245,80.08632932179475,202.9159159757653,58.35595714718737,5.3485556,True,False,False,False,True,True
rotten,orange,Screen Shot 2018-06-12 at 11.22.41 PM.png,data/rotten/orange/Screen Shot 2018-06-12 at 11.22.41 PM.png,orange_rotten,380,320,RGBA,121600,2fb2e9c35a6e1f7e62d83d4b40338077,False,3214.6603954081634,74.04014849083744,203.3741828762755,58.045079209473315,5.301566,True,False,False,False,True,True
rotten,orange,rotated_by_45_Screen Shot 2018-06-12 at 11.42.52 PM.png,data/rotten/orange/rotated_by_45_Screen Shot 2018-06-12 at 11.42.52 PM.png,orange_rotten,408,334,RGB,136272,823912d3bc276e0600b66a1e8397e1ba,False,2936.8420516696888,80.50916488024001,160.23288026147958,91.75557625538929,5.5615873,True,False,False,False,True,True
rotten,orange,rotated_by_30_Screen Shot 2018-06-12 at 11.42.52 PM.png,data/rotten/orange/rotated_by_30_Screen Shot 2018-06-12 at 11.42.52 PM.png,orange_rotten,408,334,RGB,136272,caa566fbc07cfd8a65d4e193b7c250ed,False,2863.2819616785646,80.85223079105079,165.78188775510205,89.4136439508053,5.552072,True,False,False,False,True,True
rotten,orange,translation_Screen Shot 2018-06-12 at 11.42.52 PM.png,data/rotten/orange/translation_Screen Shot 2018-06-12 at 11.42.52 PM.png,orange_rotten,408,334,RGB,136272,4e6c9fdafcb7cf74e123c35de30b44b7,False,4103.830395666374,85.98292722681279,167.44870057397958,89.64177929987478,5.402282,True,False,False,False,True,True
rotten,orange,vertical_flip_Screen Shot 2018-06-12 at 11.42.52 PM.png,data/rotten/orange/vertical_flip_Screen Shot 2018-06-12 at 11.42.52 PM.png,orange_rotten,408,334,RGB,136272,1cfdf3f748ac11351a3e2b60b277f4ae,False,3394.5600279300024,70.70177463207305,206.48684630102042,57.532089765706274,5.2156396,True,False,False,False,True,True
rotten,orange,rotated_by_75_Screen Shot 2018-06-12 at 11.22.41 PM.png,data/rotten/orange/rotated_by_75_Screen Shot 2018-06-12 at 11.22.41 PM.png,orange_rotten,380,320,RGB,121600,f2527de370a7cb2534a980ac3081c2e7,False,2545.6102671684794,84.51705426891587,166.4725566007653,86.32217179358301,5.7274675,True,False,False,False,True,True
rotten,orange,saltandpepper_Screen Shot 2018-06-12 at 11.42.52 PM.png,data/rotten/orange/saltandpepper_Screen Shot 2018-06-12 at 11.42.52 PM.png,orange_rotten,408,334,RGB,136272,af72c1d6ec8eb04d70c6e4705646ba32,False,4604.101636499725,76.70520245395066,206.0221022002551,57.75659467531753,5.2577415,True,False,False,False,True,True
rotten,orange,rotated_by_75_Screen Shot 2018-06-12 at 11.39.19 PM.png,data/rotten/orange/rotated_by_75_Screen Shot 2018-06-12 at 11.39.19 PM.png,orange_rotten,292,260,RGB,75920,61b79e7fb16042eb9c85340ff0788722,False,109.78804346542961,33.56293747840632,51.76514668367347,57.922047769701884,6.7299805,False,True,False,False,True,True
ripe,banana,saltandpepper_Screen Shot 2018-06-12 at 10.00.12 PM.png,data/ripe/banana/saltandpepper_Screen Shot 2018-06-12 at 10.00.12 PM.png,banana_ripe,386,474,RGB,182964,45e713adc1dc025c8369f0d126865e0e,False,3297.5832544121827,120.33783108566217,127.46980628188776,57.699271747142625,7.658555,True,False,False,False,True,True
ripe,banana,vertical_flip_Screen Shot 2018-06-12 at 10.00.12 PM.png,data/ripe/banana/vertical_flip_Screen Shot 2018-06-12 at 10.00.12 PM.png,banana_ripe,386,474,RGB,182964,4ac8b0f3dee57c6f40677e070acccf01,False,2260.240741060854,116.5071728357097,127.40453603316327,57.5729937377939,7.644306,True,False,False,False,True,True
ripe,banana,saltandpepper_Screen Shot 2018-06-12 at 9.38.04 PM.png,data/ripe/banana/saltandpepper_Screen Shot 2018-06-12 at 9.38.04 PM.png,banana_ripe,672,404,RGB,271488,7c99b69c8ee44c7fc29b75e65d883fb2,False,2332.7158551003627,22.236723147414367,234.8428332270408,31.23551213360099,3.659943,True,False,False,False,True,True
ripe,banana,Screen Shot 2018-06-12 at 10.00.12 PM.png,data/ripe/banana/Screen Shot 2018-06-12 at 10.00.12 PM.png,banana_ripe,386,474,RGBA,182964,c4f52a9d66ef360bf481e47862079827,False,2260.240741060854,116.5071728357097,127.40453603316327,57.5729937377939,7.644306,True,False,False,False,True,True
